"id";"name";"url";"organization";"organization_id";"backend";"created_at";"validation"
"645b4bca6a10c91aef94d46a";"Moissoneur ARNIA, idéo";"https://trouver.ternum-bfc.fr/dataset";"Agence Régionale du Numérique et de l’intelligence artificielle";"5b4f5364c751df0bb1c28756";"ckan";"2023-05-10T09:46:18.111000";"pending"
"6459dc7c95541d52d1980acf";"Wikimaginot SIG";"https://www.datagrandest.fr/data4citizen?facet.field=%5B%22organization%22,%22tags%22,%22themes%22,%22features%22%5D&rows=12&start=0&fq=organization:(wikimaginot)";"wikimaginot";"63aff09b9f4e6a0a9c9ecabd";"ckan";"2023-05-09T07:39:08.707000";"pending"
"6451227e111449ae4bff5531";"GeoCentre";"https://catalogue.doterr.fr/geonetwork/srv/fre/csw?REQUEST=GetCapabilities&SERVICE=CSW";"Do.TeRR . Géo-Centre";"5a83f81fc751df6f8573eb8a";"dcat";"2023-05-02T16:47:26.133000";"pending"
"644b89acbacd57ca625fa641";"Open data de la Mayenne";"https://data.lamayenne.fr/api/explore/v2.1/catalog/exports/dcat?where=publisher=""Conseil+Départemental+de+la+Mayenne""";"Le Conseil Départemental de la Mayenne";"5aeab860c751df3bca98b623";"dcat";"2023-04-28T10:54:04.047000";"pending"
"6448e46f47e8ac2d00d90948";"Moissoneur pour SIG-GR via DataGrandEst";"https://grandestprod-backoffice.data4citizen.com/";"SIG-GR";"643554d66a06c6dc12f29154";"ckan";"2023-04-26T10:44:31.426000";"accepted"
"6446a1406553aadeebdc8fcd";"Moissonneur SDIS 64 /PIGMA";"https://www.pigma.org/fr/indexer/service/ckan/";"SDIS des Pyrénées-Atlantiques";"643031930745797ffd4f60ba";"ckan";"2023-04-24T17:33:20.576000";"accepted"
"642d63a24571f60cf5504bc9";"HANRION Philippe";"https://mes-adresses.data.gouv.fr/bal/64006b483364204e9e604e2a";"";"";"dcat";"2023-04-05T14:03:46.841000";"pending"
"6424552bec43dacf691a8e0b";"Guyane-SIG";"https://catalogue.guyane-sig.fr/geonetwork/srv/fre/csw-test1?";"Collectivité Territoriale de Guyane";"642436645cf9fb7c90276ae0";"dcat";"2023-03-29T17:11:39.698000";"pending"
"64242c24a64c3e50d255167c";"Plateforme Opendata Tours Métropole Val de Loire - Ville de Tours";"https://data.tours-metropole.fr";"Ville de Tours";"56d5a6d4c751df360dabb90c";"ods";"2023-03-29T14:16:36.022000";"accepted"
"64240a57c76ef33eb17dc831";"PMMCU";"https://la-plateforme-sig-opendata-de-perp-01f83-perpignan-mediterranee.hub.arcgis.com/api/feed/dcat-ap/2.0.1.json";"";"";"dcat";"2023-03-29T11:52:23.692000";"pending"
"6422d973e4f82585c7a57845";"ATLINE Services";"https://www.marches-securises.fr";"OPH Habitat Drouais";"5bfd0df2634f4168b53ba643";"dcat";"2023-03-28T14:11:31.168000";"pending"
"6422d454321f22bb677e520a";"OPH Habitat Drouais";"https://www.marches-securises.fr";"OPH Habitat Drouais";"5bfd0df2634f4168b53ba643";"dcat";"2023-03-28T13:49:40.681000";"pending"
"641477c66237d10651e97010";"OpenData_ATMO";"https://data-atmoaura.opendata.arcgis.com/data.json";"Atmo Auvergne-Rhône-Alpes";"59a538b688ee386b121578b9";"dcat";"2023-03-17T15:23:02.832000";"accepted"
"6409a5ca6f7bc5f691f391a9";"Hub Arcgis Europe";"https://opendata-grandbelfort.hub.arcgis.com/api/feed/dcat-us/1.1.json";"Grand Belfort Communauté d'Agglomération";"5afd7ce888ee387d9f4e136f";"dcat";"2023-03-09T10:24:26.826000";"accepted"
"64021119c7670d36619b7d58";"OpenData_ATMO_AURA";"https://data-atmoaura.opendata.arcgis.com/data.json";"";"";"dcat";"2023-03-03T16:24:09.207000";"pending"
"63ff5abf436c923c85a532fb";"Point DCAT géocatalogue Shom";"https://www.geocatalogue.fr/www/dcat/900e2821444393020fd88a1b71efd004/catalog_1.rdf";"Shom";"534fffafa3a7292c64a78103";"dcat";"2023-03-01T15:01:35.416000";"pending"
"63f8cda054297e9b465b4b66";"OpenDataSoft";"https://opendata.sqy.fr/";"SAINT-QUENTIN-EN-YVELINES";"5bb32d078b4c412462c28955";"ods";"2023-02-24T15:45:52.727000";"pending"
"63e26eaf703539c9dc41daa5";"Open data HDS";"https://opendata.hauts-de-seine.fr";"Ville d'Antony";"5b646606634f413b59936c0f";"ods";"2023-02-07T16:30:55.968000";"pending"
"63dd6eec5f9e9f5cf63bd631";"Catalogue Open Data Carmen";"http://metadata.carmencarto.fr/geonetwork/105/fre/rdf.search?";"Office National des Forêts";"534fff9ca3a7292c64a7803e";"dcat";"2023-02-03T21:30:36.203000";"pending"
"63dcd2fcf70e97ebf9323813";"Isogeo Plateforme";"https://dcat.isogeo.com/e9cc1c2ce0774524a11ae08a9d7e0f65/MeyPDoncyI2S14-3MUCdnH4tvQJw0";"Grand Belfort Communauté d'Agglomération";"5afd7ce888ee387d9f4e136f";"dcat";"2023-02-03T10:25:16.520000";"accepted"
"63d2b4ee19c4360606e58b0e";"Parcs naturels régionaux de Provence-Alpes-Côte d'Azur";"https://trouver.datasud.fr";"Parcs naturels régionaux de Provence-Alpes-Côte d'Azur";"63d2af46663cff0dff096cf3";"ckan";"2023-01-26T18:14:22.683000";"accepted"
"63ca7435ddb6278527a2c0aa";"Plateforme DataGrand Est - Département de la Meuse";"https://grandestprod-backoffice.data4citizen.com/";"Conseil départemental de la Meuse";"62a9e172655001b5fe4761cb";"ckan";"2023-01-20T12:00:05.708000";"accepted"
"63b7f7b4d81e18d8d69a8c8a";"Moisonneur DataGrandEst";"https://grandestprod-backoffice.data4citizen.com/";"Colmar Agglomération";"5e44026b8b4c416f93430c66";"ckan";"2023-01-06T11:28:04.408000";"accepted"
"63b5a46f40fde1a152ae52b3";"Moissoneur CKAN SICTIAM 2023";"https://opendata.sictiam.fr";"SICTIAM";"58da0f55c751df04af13c109";"ckan";"2023-01-04T17:08:15.223000";"pending"
"6399f50c32d7ddaed46140b7";"Portail OpenData de l'Unédic";"https://data.unedic.org";"Unédic";"601bc3502be2aba11e395386";"ods";"2022-12-14T17:08:44.141000";"accepted"
"6399d35cb418b5a794a24e06";"Plateforme Opendata de Services Publics +";"https://opendata.plus.transformation.gouv.fr";"Direction Interministérielle de la Transformation Publique";"5e32dee6634f411679399abb";"ods";"2022-12-14T14:45:00.446000";"pending"
"6391e2250e360864aa12201d";"OpenIG";"https://ckan.openig.org";"Syndicat Mixte des Milieux Aquatiques et des Rivières de l'Aude";"6380a35b9f35ddce103462cc";"ckan";"2022-12-08T14:09:57.043000";"accepted"
"636b847b73b96bdb02bc0613";"Catalogue du RGA";"https://sca-rga.interieur.gouv.fr/";"Ministère de l'Intérieur et des Outre-Mer";"534fff91a3a7292c64a77f53";"dcat";"2022-11-09T11:44:11.095000";"pending"
"636b7686fc83ab34dcfed248";"Agglo La Rochelle";"https://d4c.agglo-larochelle.fr/";"BPM-Conseil";"5d0a566b8b4c4107aa400424";"ckan";"2022-11-09T10:44:38.517000";"pending"
"635fedf0de86bd3e1139f139";"Test moissonneur DCAT vers Opendatasoft";"https://fpassaniti.opendatasoft.com/";"";"";"ods";"2022-10-31T16:46:56.700000";"pending"
"635a5315e076d77314f29a22";"Catalogue CARMEN de la DREAL Normandie";"http://www.geocatalogue.fr/www/dcat/76bdffcb2c54a6999b83030e6edfb1a1/catalog_1.rdf";"Direction régionale de l'Environnement, de l'Aménagement et du Logement de Normandie";"57275bd288ee387fd5a19f12";"dcat";"2022-10-27T11:44:53.070000";"pending"
"635295f6f453b8deabf4e680";"Moissonneur geonetwork";"https://kartenn.region-bretagne.fr/geonetwork/srv/fre/rdf.search";"Région Bretagne";"559a4970c751df46a9a453ba";"dcat";"2022-10-21T14:52:06.170000";"pending"
"634fb879907a9f2948db110d";"CA PROVENCE ALPES AGGLO - DATA SUD";"https://trouver.datasud.fr/organization";"PROVENCE-ALPES-AGGLOMERATION";"623d7d93babf28e1b5663514";"ckan";"2022-10-19T10:42:33.645000";"accepted"
"634e9e6b7a9091740f1b2b33";"data.education DESP Normandie";"https://data.normandie.education.gouv.fr";"Rectorat de Normandie";"5652f2cc88ee3877c5e72046";"ods";"2022-10-18T14:39:07.450000";"accepted"
"634916cef1d5227045cf4f67";"Nouvelle Plateforme open data de la Métropole TPM";"https://psig-opendata-mtpm.hub.arcgis.com/api/feed/dcat-us/1.1.json";"Métropole Toulon Provence Méditerranée";"5b6c128d634f41593028881d";"dcat";"2022-10-14T09:59:10.248000";"accepted"
"6344fe6469f940140c0262d3";"Données ouvertes du SGAR Auvergne-Rhône-Alpes";"http://www.geocatalogue.fr/www/dcat/f38ae96be755169028095bb11bdd4328/catalog.rdf";"SGAR Auvergne-Rhône-Alpes";"6155a0cfcdc64b4a0c792d63";"dcat";"2022-10-11T07:25:56.836000";"pending"
"633d6c57b11443cbd6d40b07";"DATARA DREAL ARA";"http://www.geocatalogue.fr/www/dcat/ca109fb89b856c23f0541e70abe4941b/catalog_1.rdf";"DREAL Auvergne-Rhône-Alpes";"5882a05d88ee3835c59b81a4";"dcat";"2022-10-05T13:36:55.993000";"accepted"
"633c4314a184a25b2e68b5dd";"Metropole Aix-Marseille Provence";"https://data.ampmetropole.fr";"Métropole d'Aix-Marseille-Provence";"59afbe7cc751df1980d8d1b5";"ods";"2022-10-04T16:28:36.650000";"accepted"
"6331aba7c57ddc17d043f50a";"OPEN DATA Communauté de communes de Lacq-Orthez";"https://opendata.cc-lacqorthez.fr/";"Communauté de communes de Lacq-Orthez";"5b5b157a88ee3872279077f8";"ods";"2022-09-26T15:39:51.703000";"accepted"
"6322d1fc71af2f6a417b426a";"Aucun";"https://seine-maritime.maps.arcgis.com/ckan.json";"Département de la Seine-Maritime";"5e281d5b634f417c0c54ae2f";"ckan";"2022-09-15T09:19:24.035000";"pending"
"632094a92d19bc6c4b86a351";"Metropole Rouen Normandie ODS";"https://data.metropole-rouen-normandie.fr";"Métropole Rouen Normandie";"5a0467d188ee38711f65672c";"ods";"2022-09-13T16:33:13.981000";"accepted"
"6318a176df45e17804d3eea6";"Catalogue des données de l'ODDC";"https://georchestra.ac-corse.fr/geonetwork/srv/fre/rdf.search?";"Observatoire du développement durable de Corse";"63189d4c6ea0b70e53855e61";"dcat";"2022-09-07T15:49:42.870000";"pending"
"63189265bc67fc7518cfce0f";"Les condamnations en 2020 selon le mode de jugement et le type de juridiction";"http://www.justice.gouv.fr/art_pix/Stat_RSJ_Penal_7_5%202020.ods";"Ministère de la Justice";"534fff93a3a7292c64a77fa2";"ods";"2022-09-07T14:45:25.050000";"pending"
"63189150bc67fc7518cfce0e";"Les condamnations (issues du casier judiciaire)";"http://www.justice.gouv.fr/art_pix/Tableaux%202020p_secr%E9tis%E9.xlsx";"Ministère de la Justice";"534fff93a3a7292c64a77fa2";"ods";"2022-09-07T14:40:48.314000";"pending"
"631737b729ee824c500aa645";"Catalogue du CRAIG (DCAT)";"https://ids.craig.fr/geocat/srv/fre/rdf.search";"Centre Régional Auvergne-Rhône-Alpes de l'Information Géographique";"55910338c751df495fa453b9";"dcat";"2022-09-06T14:06:15.010000";"pending"
"62fd0078489f682de7623aab";"Données SIG opendata de Mégalis Bretagne";"http://www.geocatalogue.fr/www/dcat/0e87c9b38630b59b3ae530ff694a225c/catalog.rdf";"Mégalis Bretagne";"534fff8ba3a7292c64a77ed3";"dcat";"2022-08-17T16:51:36.383000";"pending"
"62ceda1290c0ca42939948c7";"DataGrandEst";"https://grandestprod-backoffice.data4citizen.com";"Parc naturel régional des Vosges du Nord";"563a2ec3c751df39a8dcc3f0";"ckan";"2022-07-13T16:43:30.640000";"accepted"
"62cbdabaad2a29b52558d00b";"Moissonneur Région Grand Est via DataGrandEst";"https://grandest-moissonnage.data4citizen.com/";"Région GRAND EST";"55df259f88ee386e57a46ec2";"ckan";"2022-07-11T10:09:30.073000";"accepted"
"62c3f153bc48244689c741fa";"Open data Tourcoing";"https://opendata.tourcoing.fr";"Ville de Tourcoing";"628df4c1b8464286302e3854";"ods";"2022-07-05T10:07:47.975000";"accepted"
"62bef8cc760c4fa031fef6ae";"Moissonneur Ville de Mazan - DataSud";"https://trouver.datasud.fr/dataset";"Ville de Mazan";"62bef659688069a3541cd9bb";"ckan";"2022-07-01T15:38:20.064000";"accepted"
"62be983ead66a40f1bc52793";"data.education Région académique Normandie";"https://data.normandie.education.gouv.fr";"Rectorat de Normandie";"5652f2cc88ee3877c5e72046";"ods";"2022-07-01T08:46:22.031000";"accepted"
"62bbf1d80d146deda72790cf";"Open data Eure-et-Loir tourisme";"https://data.eurelien.fr/";"Conseil départemental d'Eure-et-Loir";"58b3e7e588ee3814c598d150";"ods";"2022-06-29T08:31:52.483000";"accepted"
"62b30f878ccccf8ffa5a60cf";"data pathologies";"https://data.ameli.fr";"Caisse nationale de l'assurance maladie";"534fff5ca3a7292c64a77d1a";"ods";"2022-06-22T14:48:07.537000";"accepted"
"62961bfd689fb292aba1314c";"Test geocatalogue";"http://www.geocatalogue.fr/www/dcat/deff6307a83cb17577ef754d04d8d55b/catalog.rdf";"Géo2France";"5ddc086f634f41190d4c1006";"dcat";"2022-05-31T15:45:33.133000";"refused"
"6272872de7e271bd437434cd";"Data.centrevaldeloire";"https://data.centrevaldeloire.fr/";"Commune de Baule";"627285fd15cd81c415f8f928";"ods";"2022-05-04T16:01:17.126000";"accepted"
"62711fec72ab1dd1f697a166";"Data.centre val de loire";"https://data.centrevaldeloire.fr/";"Ville d'Argenton-sur-Creuse";"62711de919af2df1f9141a08";"ods";"2022-05-03T14:28:28.638000";"accepted"
"6262750e4cf99ade0ed37380";"Open Data - Ville d'Evry-Courcouronnes";"https://data.evrycourcouronnes.fr/";"Ville d'Evry-Courcouronnes";"624d8fbe80fd4fefba11f149";"ods";"2022-04-22T11:27:42.153000";"accepted"
"6256c48abba6f454d060a509";"test";"https://data-perpignan-mediterranee.opendata.arcgis.com/data.json";"Perpignan Méditerranee Metropole";"5f75bfd44b24099822942358";"dcat";"2022-04-13T14:39:38.828000";"refused"
"624be3edf4eb99f8d96a8fe1";"DataGrandEst";"http://grandestprod-backoffice.data4citizen.com/";"DataGrandEst";"5bf7f6a3634f413588391745";"ckan";"2022-04-05T08:38:37.256000";"accepted"
"623d7f9e7491dffef7d39d50";" PROVENCE-ALPES-AGGLOMERATION";"https://trouver.crige-paca.org/dataset";"PROVENCE-ALPES-AGGLOMERATION";"623d7d93babf28e1b5663514";"ckan";"2022-03-25T09:38:54.673000";"accepted"
"623982812a7fdf650a05a3a8";"Plateforme open data Réseau Twisto CAEN";"https://twisto.opendatasoft.com";"Twisto";"5c09189f8b4c414a8d02298e";"ods";"2022-03-22T09:02:09.274000";"accepted"
"62345b6b68c0068dbf9f060c";"Synchronisation CD 04 - DataSud";"https://trouver.datasud.fr/";"Département des Alpes de Haute-Provence";"62344583fb72d30231b482f5";"ckan";"2022-03-18T11:14:03.204000";"accepted"
"6228c77a9372f5f449e30191";"Données publiques Saint Denis de Pile";"https://api-opendata.girondenumerique.fr/datasets/213303936/213303936.json";"Saint Denis de Pile";"621c872a44355164f329e2f4";"dcat";"2022-03-09T16:27:54.549000";"accepted"
"621e20edf3eeb9b91b4c385c";"Opendata 76";"https://www.opendata76.fr/api/feed/dcat-us/1.1.json";"Département de la Seine-Maritime";"5e281d5b634f417c0c54ae2f";"dcat";"2022-03-01T14:34:37.603000";"accepted"
"621e20695393fe6a02628517";"OpenData-Test du Département du Var";"https://opendata-test-cgvar.hub.arcgis.com/api/feed/dcat-us/1.1.json";"Conseil Départemental du Var";"621e1d5793c69da376f2a002";"dcat";"2022-03-01T14:32:25.827000";"refused"
"620e6975dbede71d5a76c9d2";"Moissonneur Isogeo";"https://dcat.isogeo.com/7b195c828aa74577afec7d6c223cddaa/RMmVNxgwo1AW7LHH42BuuWFiQGe40";"Communauté d'Agglomération ""Saint-Lô Agglo""";"5bbc775c634f4114cd743ded";"dcat";"2022-02-17T16:27:49.500000";"accepted"
"620e219d48a901baf070aa45";"Plateforme Open Data Ville Evian";"https://ville-d-evian-opendata-ville-evian.hub.arcgis.com/data.json";"Ville d'Evian";"620cf49021a01d969861f4cf";"dcat";"2022-02-17T11:21:17.793000";"accepted"
"620b7a508fcaacfd6a3af237";"Portail Open data de la DREES";"https://data.drees.solidarites-sante.gouv.fr/";"Ministère des Solidarités et de la Santé";"534fff94a3a7292c64a77fc1";"ods";"2022-02-15T11:02:56.989000";"accepted"
"61fd00ca20904dff68b475f0";"Chelles";"https://open-data-chelles.opendata.arcgis.com/data.json";"Ville de Chelles";"5bbb7d93634f417a77e68539";"dcat";"2022-02-04T11:32:42.641000";"accepted"
"61ed2e4595eecf9c6e4203e7";"Moissonneur CANNES DATA";"https://data.cannes.fr/";"Mairie de Cannes";"5d1db3df8b4c416509fd0870";"ods";"2022-01-23T11:30:29.238000";"accepted"
"61c473775299bbb5dc7af685";"Service Départemental d'Incendie et de Secours des Alpes de Haute Provence";"https://www.opensis.fr/04/index.php/pgmetadata/dcat/";"Service Départemental d'Incendie et de Secours des Alpes de Haute Provence";"60d3268a8cf3fb54cf9443fe";"dcat";"2021-12-23T14:02:47.500000";"accepted"
"61bc515c5acfabe91af4a044";"Données régionales (non géographiques) - Région Normandie";"https://opendata.normandie.fr/api/feed/dcat-ap/2.0.1.json";"Région Normandie";"565ebf4788ee3869aae72046";"dcat";"2021-12-17T09:59:08.164000";"pending"
"61af7e80ea18f01b149c14bd";"GeoNetwork de la Communauté d'Agglomération du Puy-en-Velay";"https://geoportail.lepuyenvelay.fr/geonetwork/srv/fre/csw?SERVICE=CSW&VERSION=2.0.2&REQUEST=GetRecords&outputSchema=http://www.w3.org/ns/dcat%23&typenames=gmd:MD_Metadata&elementSetName=full&resultType=results";"Communauté d'Agglomération du Puy-en-Velay";"5cd531978b4c41605df23b89";"dcat";"2021-12-07T16:32:16.619000";"accepted"
"61a5ec25357b3dbe5672390f";"Moissonneur DCAT ISOGEO";"https://dcat.isogeo.com/0bd17a2a330842c68ec4a412d1df6824/AiCyPK6W8fg012l-vHV0s5tPry5b0";"Lorient Agglomération";"55b8c85288ee3827203ca288";"dcat";"2021-11-30T10:17:25.107000";"accepted"
"619fa44bc8e802460bca2faa";"Moissonneur OpenDataSoft Portivechju";"https://porto-vecchio.opendatasoft.com/";"Cità di Portivechju";"619e52c5aed3f24ffa360651";"ods";"2021-11-25T15:57:15.276000";"accepted"
"619cf7915c03620b1f59d5da";"Jeux de données DataNOVA";"https://datanova.laposte.fr";"La Poste";"534fff85a3a7292c64a77e9c";"ods";"2021-11-23T15:15:45.175000";"accepted"
"619b92b89a479e45d6d5604e";"Moissonneur DCAT de démo Isogeo";"https://dcat.isogeo.com/8d491301f61249139918e3710cd39eb7/wak8OBU2hQX6F6rtIe3fWiRCvzFH0";"Isogeo";"54a13044c751df096c04805a";"dcat";"2021-11-22T13:53:12.394000";"refused"
"619747ae68fa23988fb6e864";"Données régionales de référence (géographiques) - SIG Normandie";"https://dcat.isogeo.com/117146d833e7419b90b7a3390530e52b/xgwHHRasDEucGqtwQUaGEE8ys55j0";"Région Normandie";"565ebf4788ee3869aae72046";"dcat";"2021-11-19T07:43:58.636000";"accepted"
"6194fe9e17350e34e3c06f2b";"Saint-Louis Agglomération - Open Data";"https://saint-louis-agglo.opendatasoft.com/";"Saint-Louis Agglomération";"5a7c19f5c751df3e55b0c321";"ods";"2021-11-17T14:07:42.022000";"accepted"
"618b763fc6b08e5177c83d4b";"Avignon - DataSUd";"https://trouver.datasud.fr/dataset";"Avignon";"60f7d111a6874047ef5c56f5";"ckan";"2021-11-10T08:35:27.636000";"accepted"
"618a949d0446fcc9a8c7ab05";"Moissonneur DCAT Bayonne";"https://dcat.isogeo.com/dfea79f9daa941fbb7fc9248309dc1c4/THU_tcV6SuOT_DsWqcQNzDenuhTV0";"Ville de Bayonne";"58d53c4688ee380aeea5e932";"dcat";"2021-11-09T16:32:45.893000";"accepted"
"61893d9950be92a61e39734d";"Plateforme open data du groupe EDF";"https://opendata.edf.fr/";"Electricité de France";"605074cb59c1d13e775073d4";"ods";"2021-11-08T16:09:13.968000";"accepted"
"6189285842d579e290ef4b33";"Département du Calvados";"https://dcat.isogeo.com/434296189d794266a04a8678e256f0c4/HiLeps3y1qrSx6aTDmKyp0spGPix0";"Département du Calvados";"5bd96f848b4c415ecb7a9a8b";"dcat";"2021-11-08T14:38:32.868000";"accepted"
"618928389376c6dcc8727c44";"Portail spécifique OpenData de Vanves sur solution OpenDataSoft";"https://vanves-seineouest.opendatasoft.com/";"Ville de Vanves";"54884a24c751df7226a3fc16";"ods";"2021-11-08T14:38:00.049000";"accepted"
"618294465f719c3dac548732";"Poiçonnet — Plateforme Open Data Région Centre-Val de Loire";"https://data.centrevaldeloire.fr/";"Le Poinçonnet";"618292126ca6738c405a64a9";"ods";"2021-11-03T14:53:10.777000";"accepted"
"618112867c6656339a9c2598";"Département Loiret DCAT Isogeo";"https://dcat.isogeo.com/1742fb942d7b4756b9778c3b3cbc992e/HWglEr-z4Bry_rKQOTINX9gAH4Yu0";"Département du Loiret";"57d90ef4c751df44fb79df72";"dcat";"2021-11-02T11:27:17.986000";"accepted"
"617930065fe883dc16fd36a8";"data.economie France Relance";"https://data.economie.gouv.fr";"France Relance ";"600f0235931b551bc4dcb5bd";"ods";"2021-10-27T12:55:02.685000";"pending"
"617255fe04f71f061493ec20";"Données publiques Berthez";"https://api-opendata.girondenumerique.fr/datasets/213300486/213300486.json";"Berthez";"61716d52edbc985e7b27e77d";"dcat";"2021-10-22T08:11:10.458000";"accepted"
"614b1e81d5be4b422d1755af";" Moissonneur CCMAS/PIGMA";"https://www.pigma.org/fr/indexer/service/ckan/";"Communauté de communes Maremne adour Côte-Sud";"5f59f13517dc4abadf30c8f8";"ckan";"2021-09-22T14:16:01.871000";"accepted"
"61485477f104b6472615d193";"Site Open Data de Clermont Métropole";"https://opendata.clermontmetropole.eu";"Clermont Auvergne Métropole";"5f60b2cb86bb3584d0f09f08";"ods";"2021-09-20T11:29:27.920000";"accepted"
"6128e9968b892e65e8b5c058";"M_OD_Evrycourcouronnes";"https://data.evrycourcouronnes.fr";"Ville d'EvryCourcouronnes";"611b76f8e31ecbc270cc7970";"ods";"2021-08-27T15:33:10.373000";"accepted"
"610cf47d38c7f6272f320805";"datasud";"https://trouver.datasud.fr";"Durance Luberon Verdon Agglomération";"5911d508c751df168e15a89f";"ckan";"2021-08-06T10:36:13.841000";"accepted"
"610bf256cfbc9fca649998eb";"Moissonneur  L' Agence Départementale d'Aide aux Collectivités Locales (Landes)";"https://www.pigma.org/fr/indexer/service/ckan/";"Agence Départementale D'Aide aux Collectivités Locales des Landes";"610bd2362a874c7e1e86ad1b";"ckan";"2021-08-05T16:14:46.446000";"accepted"
"60c0ef5ebd0df5ca56348433";"Opendata CACL";"https://api-data.cacl-guyane.fr/v1/catalog/rdf/ttl";"Communauté d’Agglomération du Centre Littoral de Guyane";"60180bd0925674d91a968a1b";"dcat";"2021-06-09T18:42:06.887000";"accepted"
"60c0cf1fcf27e656399b67c1";" Données publiques Val-de-Livenne";"https://api-opendata.girondenumerique.fr/datasets/200083830/200083830.json";"Val-de-Livenne";"60bf3a6b5f792de65b2074a4";"dcat";"2021-06-09T16:24:31.237000";"accepted"
"60c0cef5e1aad3eaca7d8b21";" Données publiques Lapouyade";"https://api-opendata.girondenumerique.fr/datasets/213302300/213302300.json";"Lapouyade";"60bf3f485f792de65b2074a5";"dcat";"2021-06-09T16:23:49.863000";"accepted"
"60bdcd250f66791e96052a11";"datavaccination_Covid";"https://datavaccin-covid.ameli.fr";"Caisse nationale de l'assurance maladie";"534fff5ca3a7292c64a77d1a";"ods";"2021-06-07T09:39:17.558000";"accepted"
"60ba37a6657399492704cf0a";"Plateforme données publiques de la Ville de Niort";"https://donneespubliques.niortagglo.fr/data.json=ville%20de%20niort,niort.data";"Ville de Niort";"5912ddcac751df1c0de5387b";"dcat";"2021-06-04T16:24:38.854000";"accepted"
"60ae481cde964a2b17ba971d";"Plateforme données publiques de Niort Agglo";"https://donneespubliques.niortagglo.fr/data.json?filter[source]=niort_agglo.data";"Communauté d'Agglomération du Niortais";"60ae45c11807e6d76ba47e50";"dcat";"2021-05-26T15:07:40.850000";"accepted"
"60acd6cb352414fb4ac4e62e";"Plateforme Open Data Région Réunion";"https://data.regionreunion.com/";"Région Réunion";"5ce68c7a8b4c414cd557fff1";"ods";"2021-05-25T12:51:55.737000";"accepted"
"60acb0eb6d6196f73cc2d672";"Open Data du Département de l'Aude";"https://opendata.aude.fr/";"Département de l'Aude";"60acaf1821f0f41bc0ffdc0d";"ods";"2021-05-25T10:10:19.339000";"accepted"
"60a78bbc0993136f3ee49917";"Open data MEL";"https://opendata.lillemetropole.fr/";"Ville d'Armentières";"60a78a3f1d4d931bae21fccb";"ods";"2021-05-21T12:30:20.036000";"accepted"
"60a4d29f22da8a2523e0c11c";"Commune de lambersart";"https://opendata.lillemetropole.fr/";"Lambersart";"60a4cc2104da0aa02e09dfe1";"ods";"2021-05-19T10:55:59.567000";"accepted"
"60a3b8572f3a16e6be78efa2";"Ville d'Houplin-Ancoisne (MEL)";"https://opendata.lillemetropole.fr";"Ville d'Houplin-Ancoisne";"609e908036c716d80d0036bd";"ods";"2021-05-18T14:51:35.004000";"accepted"
"60a3b1abc264d14de66500c3";"Ville de Loos (MEL)";"https://opendata.lillemetropole.fr/";"Ville de Loos";"609e8e40d5d435e4228f5d8a";"ods";"2021-05-18T14:23:07.647000";"accepted"
"60a281e48dd337f81a88af73";"Moissonneur données Transport CAPV - DataSud";"https://trouver.datasud.fr/dataset";"Communauté d'Agglomération Provence Verte";"60a27fea45e14800401490c5";"ckan";"2021-05-17T16:47:00.566000";"accepted"
"609b98f009c75b3309329255";"Ckan Data.ille-et-vilaine.fr";"https://data.ille-et-vilaine.fr/";"Département d'Ille-et-Vilaine";"5d15cbed8b4c411740bae4bc";"ckan";"2021-05-12T10:59:28.035000";"accepted"
"609a231542fb5e28fad7a1bf";"BAL CCCL";"https://www.pigma.org/fr/indexer/service/ckan/";"Communauté de Communes de Charente Limousine";"607fdf5834b099b344a9610f";"ckan";"2021-05-11T08:24:21.851000";"accepted"
"60993b67d33768a50321f285";"Catalogue OSU OREME";"https://sig.oreme.org/geonetwork/srv/eng/rdf.search";"Observatoire de Recherche Montpelliérain de l'Environnement";"5feb30f52fd6b61032e301c9";"dcat";"2021-05-10T15:55:51.807000";"accepted"
"6088144bc7c8460383c47505";"moissonneur D4C";"https://d4c.agglo-larochelle.fr/";"Communauté d'agglomération de La Rochelle";"5ae6b61b88ee382152cd61a9";"ckan";"2021-04-27T15:40:27.285000";"accepted"
"607e9fcbc43657eaf1b0ad93";"Moissonneur Atelier Opendata";"https://opendata.bordeaux-metropole.fr/";"Bordeaux Métropole";"5b0d11f688ee382af4b18c95";"ods";"2021-04-20T11:32:59.541000";"accepted"
"607e897f9d2165a83b54f68b";"Syndicat des Mobilités de Touraine";"https://data.tours-metropole.fr";"Tours Métropole Val de Loire";"5cb6d4f78b4c4118e18f37d1";"ods";"2021-04-20T09:57:51.601000";"accepted"
"607d84ad2a3086f5e0ce7d85";"CRIGE PACA - ACCM";"https://trouver.crige-paca.org";"Communauté d'agglomération Arles Crau Camargue Montagnette";"534fff55a3a7292c64a77cde";"ckan";"2021-04-19T15:25:01.062000";"accepted"
"607d36231e05bdafdc17d53f";"Données publiques Saint-Loubès";"https://api-opendata.girondenumerique.fr/datasets/213304330/213304330.json";"Saint-Loubès";"5c6686958b4c4112712e3f6c";"dcat";"2021-04-19T09:49:55.456000";"accepted"
"606f3d72e5e13685b476cc1c";"ODS IQVIA";"https://iqvia.opendatasoft.com/";"IQVIA France";"5fa3a69aca811d2fd256cd6c";"ods";"2021-04-08T19:29:22.787000";"accepted"
"606d7f0da76631d2c49bb8bc";"Moissonneur CCACVI- OPenIG";"https://ckan.openig.org/dataset";"COMMUNAUTÉ DE COMMUNES ALBÈRES COTE VERMEILLE ILLIBERIS";"606d7cd38f67c6f43c9d4c04";"ckan";"2021-04-07T11:44:45.348000";"accepted"
"60643917259ead817cc6facd";"AFGNV - Open Data";"https://gnv-grtgaz.opendatasoft.com";"";"";"ods";"2021-03-31T10:55:51.542000";"accepted"
"6061a3d197232fda11fd0eb1";"Portail Opendatasoft Chaville";"https://chaville-seineouest.opendatasoft.com/";"Commune de Chaville";"5437e8c288ee387cb68f5e87";"ods";"2021-03-29T11:54:25.528000";"accepted"
"605c6ffe86076875972b27c2";" Données publiques Saint-Genès-de-Lombaud";"https://api-opendata.girondenumerique.fr/datasets/213304082/213304082.json";"Saint-Genès-de-Lombaud";"605c6f7587ab14ab0d1b43bb";"dcat";"2021-03-25T12:11:58.593000";"accepted"
"605b3b19a97b6edbad874083";"Plateforme Open Data ZABAL - Agriculture";"https://zabal-agriculture.opendata-paysbasque.fr/";"Plateforme Open Data ZABAL";"5f33a01d3afea2a7f576af1a";"ods";"2021-03-24T14:14:01.850000";"accepted"
"603f93ac743dacc92417e144";"Ville-d'Avray";"https://data.villedavray.fr/";"Commune de Ville-d'Avray";"548b19c6c751df1e6e4120e7";"ods";"2021-03-03T14:48:28.581000";"accepted"
"60360d07306330fceabf0bcc";"Moissonneur GPS&O - Nézel";"https://gpseo.opendatasoft.com";"Mairie de Nézel";"5fc16c05ab34a76f47019893";"ods";"2021-02-24T09:23:35.784000";"accepted"
"6034b2a2d0c468dd6d978e51";"OpenDatatCD01";"https://departement-ain.opendata.arcgis.com/data.json";"Département de l'Ain";"5851009688ee3870fbc65bb3";"dcat";"2021-02-23T08:45:38.636000";"accepted"
"602fc58d74013f97247351a5";"Moissonneur GPS&O - Rosny-sur-Seine";"https://gpseo.opendatasoft.com";"Rosny-sur-seine";"602e797a30d5da86b9fc0c57";"ods";"2021-02-19T15:05:01.823000";"accepted"
"602fc54d5dd97ade5d3ac109";"Moissonneur GPS&O - Epône";"https://gpseo.opendatasoft.com";"Epône";"602f9a6fce76a5774f71cf60";"ods";"2021-02-19T15:03:57.334000";"accepted"
"602fc4aea2b84d882e33f6df";"Moissonneur GPS&O - Carrières-sous-Poissy";"https://gpseo.opendatasoft.com/";"Carrières-sous-Poissy";"602f9d894a2fcc0c9ab621a1";"ods";"2021-02-19T15:01:18.010000";"accepted"
"602e7a876eb6e77b23aa4e4b";"Portail OpenDataSoft de la Ville de Meudon";"https://data.meudon.fr/";"Ville de Meudon";"54d89442c751df1245467389";"ods";"2021-02-18T15:32:39.581000";"accepted"
"602d22b238a15fd318cc1574";"Portail spécifique OpenData de Sèvres sur solution OpenDataSoft";"https://sevres-seineouest.opendatasoft.com/";"Ville de Sèvres";"549971c8c751df352b04805a";"ods";"2021-02-17T15:05:38.548000";"accepted"
"60240d7d5ea2f95f33e1520b";"Opendata de EDF Corse et Outre-mer";"https://opendata-corse-outremer.edf.fr";"EDF Systèmes Energétiques Insulaires";"60240cd536ca1c415a3053a2";"ods";"2021-02-10T17:44:45.292000";"accepted"
"6023b0c617cc9a4aaa621360";"Données publiques Gironde Numérique";"https://api-opendata.girondenumerique.fr/datasets/200010049/200010049.json";"Gironde numérique";"534fff7aa3a7292c64a77e0a";"dcat";"2021-02-10T11:09:10.566000";"accepted"
"601ab91dbc70437760c374c5";"Moissonneur Portail MEL";"https://opendata.lillemetropole.fr";"Mairie de Lille";"601ab7b9d3aff74e6fc4ea68";"ods";"2021-02-03T15:54:21.383000";"accepted"
"6017a714d475bada80963806";"Moissonneur Ville de Sarrians - DataSud";"https://trouver.datasud.fr/dataset";"Ville de Sarrians";"6017a651e007755961a54212";"ckan";"2021-02-01T08:00:36.181000";"accepted"
"6013cb4c2eb0904b6ab34f77";"Moissonneur Ville d'Aubignan - DataSud";"https://trouver.datasud.fr/dataset";"Ville d'Aubignan";"6013cae3542eb624776359ee";"ckan";"2021-01-29T09:46:04.205000";"accepted"
"6013ca70c5aa11960b3e48e1";"Moissonneur Ville de Carpentras - DataSud";"https://trouver.datasud.fr/dataset";"Ville de Carpentras";"6013c755e16a6b462648938f";"ckan";"2021-01-29T09:42:24.455000";"accepted"
"600fe3a8f921a2ce63619484";"Moissonnage des données de la Ville de Chambéry";"https://donnees.grandchambery.fr/";"Ville de Chambéry";"5bae3178634f411900549882";"ods";"2021-01-26T10:40:56.039000";"accepted"
"6005afabe6feb3ec82bce648";"Moissonneur Ville Saint Pierre du Mont";"https://www.pigma.org/datanouvelleaquitaine/";"commune de Saint-Pierre-du-Mont";"5fe1cb06e7e838910256a9cd";"ckan";"2021-01-18T16:56:27.183000";"accepted"
"5ffdc82c51517447a080ad60";"Plateforme Open Data Ardenne Métropole";"https://ardennemetropole.opendatasoft.com/";"Communauté d'Agglomération Ardenne Métropole";"5f8f41fa81b27d53f36af561";"ods";"2021-01-12T17:02:52.116000";"accepted"
"5fd9b4fd14c100523ea8297a";"Moissonneur idéobfc pour PNR Morvan";"https://trouver.ternum-bfc.fr/dataset";"Parc naturel régional du Morvan ";"5f91506e6d1d6f595ceb0ea8";"ckan";"2020-12-16T08:19:25.188000";"accepted"
"5fd21f8064e8b84bad6a9076";"catalogue OpenIG";"https://ckan.openig.org";"Département du Gard";"5fd1e3ddd8016453bf402e4b";"ckan";"2020-12-10T14:15:44.604000";"accepted"
"5fcf3ca46ac344a80d0cf1ee";"Données plages";"https://www.pigma.org/datanouvelleaquitaine/dataset";"GIP Littoral";"5fcf3b316ac344a80d0cf1ed";"ckan";"2020-12-08T09:43:16.273000";"accepted"
"5fc63ce6eb8c7cf627b24cd6";"moissonneur idéobfc pour Parc National des forets";"https://trouver.ternum-bfc.fr/dataset";"Parc national de forêts";"5f898bdf254e86297006ef0c";"ckan";"2020-12-01T13:53:58.370000";"accepted"
"5fb64ef40775d9f216f2954c";"Data.gers.fr";"https://data.gers.fr/";"Département du Gers";"5d2485a58b4c417f5f478a9f";"ods";"2020-11-19T11:54:44.741000";"refused"
"5fae68f7a3a4f4f4f4f7f134";"Plateforme open geodata Argenteuil";"https://argenteuil-geo-open-data-ca-ab.hub.arcgis.com/data.json";"Ville d'Argenteuil";"5fa50f45bd278f782c7d3e31";"dcat";"2020-11-13T12:07:35.968000";"accepted"
"5fa985cc221828792d64fc3b";"Caisse des Dépôts";"https://opendata.caissedesdepots.fr/";"Caisse des Dépôts";"5fa985066333fad0e735c985";"ods";"2020-11-09T19:09:16.769000";"accepted"
"5f96c70670f8d1bfa3a89c35";"Moissonneur IDéO BFC pour ATMO BFC";"https://trouver.ternum-bfc.fr/dataset";"Atmo Bourgogne-Franche-Comté";"5ddbf5ff6f444103e11e9d3d";"ckan";"2020-10-26T13:54:30.314000";"accepted"
"5f89b201fb6b903f47f98892";"Référentiel de l'enseignement agricole (depuis ODS)";"http://enseignement-agricole.opendatasoft.com";"Ministère de l'Agriculture et de l'Alimentation";"534fff8ca3a7292c64a77edf";"ods";"2020-10-16T16:45:21.549000";"accepted"
"5f6e0bf9bfc7ebf92fd52dcb";"Estérel Côte d'Azur Agglomération";"https://trouver.datasud.fr/dataset";"Estérel Côte d'Azur Agglomération";"5f57789537198fbe468ac537";"ckan";"2020-09-25T17:25:45.051000";"accepted"
"5f689238ba90977decc934e0";"OFGL - comptes des collectivités locales";"https://data.ofgl.fr";"Observatoire des Finances et de la Gestion publique Locales";"5b23863888ee381aef2b6a58";"ods";"2020-09-21T13:44:56.209000";"accepted"
"5f51f9f685c15b967dbbbc5d";"Dracénie Provence Verdon agglomération";"https://trouver.datasud.fr/dataset";"Dracénie Provence Verdon agglomération";"5baa4a978b4c412a0da6114c";"ckan";"2020-09-04T10:25:26.641000";"accepted"
"5f4f8beda87dc27725965334";"Données Grand Avignon - DataSud";"https://trouver.datasud.fr/dataset";"Grand Avignon";"5a7ad2b1c751df27e7d1190c";"ckan";"2020-09-02T14:11:25.466000";"accepted"
"5f2d0dde90393c8c43474fc4";"Grand Paris Sud";"https://data.grandparissud.fr/";"Grand Paris Sud";"59133d14c751df2fa69bfb86";"ods";"2020-08-07T10:16:30.159000";"accepted"
"5f292334bec40fc529dbbb32";"docs_urba_angoisse";"https://www.pigma.org/datanouvelleaquitaine/dataset";"Commune d'Angoisse";"5f291fd4c4b87b1eacd5facc";"ckan";"2020-08-04T10:58:28.927000";"accepted"
"5f0ea9a8b1bd5184b42ad88f";"Plateforme open data IDELIS";"https://data.idelis.fr/";"Pau Béarn Pyrénées Mobilités";"5d23aa818b4c416697d58dd2";"ods";"2020-07-15T09:00:56.462000";"accepted"
"5ed8cb48a04bb53e143d0fcd";"Catalogue Ville de Martigues - Datasud";"https://trouver.datasud.fr/dataset";"Ville de Martigues";"5be9467a634f415a8620975f";"ckan";"2020-06-04T12:22:00.078000";"accepted"
"5ed60238bf6719b39dfd743c";"Opendata Isère";"https://opendata.isere.fr";"Conseil départemental de l'Isère";"5bb1c7e4634f412a95dff6b9";"ods";"2020-06-02T09:39:36.281000";"accepted"
"5ecd0c5457e9db860ecdc65b";"infogeo54.fr";"http://geoserver.infogeo54.fr/geoserver/infogeo54/wfs?request=GetCapabilities";"Département de Meurthe-et-Moselle";"5c6d1254634f414e5e37c56c";"dcat";"2020-05-26T14:32:20.428000";"refused"
"5ec556c4379b9eb195797333";" Moissonneur IDéO BFC pour Grand Besancon metropole";"https://trouver.ternum-bfc.fr/dataset";"GRAND BESANCON METROPOLE";"59196e9088ee38471c78dac6";"ckan";"2020-05-20T18:11:48.510000";"accepted"
"5ec4f5dcf98a1cb9ece04d9b";"infogeo54";"http://catalogue.infogeo54.fr/geonetwork/srv/fre/csw?";"Département de Meurthe-et-Moselle";"5c6d1254634f414e5e37c56c";"dkan";"2020-05-20T11:18:20.342000";"refused"
"5ec4f5b8b1e33daa7f2f3ab9";"infogeo54";"http://catalogue.infogeo54.fr/geonetwork/srv/fre/csw?";"Département de Meurthe-et-Moselle";"5c6d1254634f414e5e37c56c";"ckan";"2020-05-20T11:17:44.940000";"refused"
"5ec4f58eeccc0b4192fd7950";"infogeo54.fr";"http://catalogue.infogeo54.fr/geonetwork/srv/fre/csw?";"Département de Meurthe-et-Moselle";"5c6d1254634f414e5e37c56c";"ods";"2020-05-20T11:17:02.140000";"refused"
"5ec4f54db1e33daa7f2f3ab8";"Infogeo54";"http://catalogue.infogeo54.fr/geonetwork/srv/fre/csw?";"Département de Meurthe-et-Moselle";"5c6d1254634f414e5e37c56c";"maaf";"2020-05-20T11:15:57.524000";"refused"
"5ec3958566db5dc98da9be0f";"Département de Meurthe-et-Moselle";"http://catalogue.infogeo54.fr/geonetwork/srv/fre/csw?SERVICE=CSW&VERSION=2.0.2&REQUEST=GetCapabilities";"Département de Meurthe-et-Moselle";"5c6d1254634f414e5e37c56c";"dcat";"2020-05-19T10:15:01.678000";"refused"
"5ebfbaa616090a3d00a9ea3b";"Point de moissonnage IdéO BFC pour la région BFC";"https://trouver.ternum-bfc.fr/dataset";"Région Bourgogne-Franche-Comté";"5835cdb988ee383e0bc65bb3";"ckan";"2020-05-16T12:04:22.922000";"accepted"
"5ebc14bd15324a315eb57779";"Hérault Data";"https://www.herault-data.fr";"Département de l'Hérault";"59087a45c751df5a2a2c425f";"ods";"2020-05-13T17:39:41.579000";"accepted"
"5ebaac1aca71dbc3a9963613";"Point de moissonnage DDT25 avec le portail de la donnée et de la connaissance en BFC";"https://trouver.ternum-bfc.fr/dataset";"Direction Départementale des Territoires du Doubs";"559d3813c751df392b390bd4";"ckan";"2020-05-12T16:00:58.661000";"accepted"
"5eb960906f1249345575b4ab";"Data64";"https://data.le64.fr/pages/home2/";"";"";"ods";"2020-05-11T16:26:24.772000";"refused"
"5ea132a8706a5afa004a5911";"CKAN OPenIG";"https://ckan.openig.org";"Occitanie Pyrénées en Intelligence Géomatique";"55263369c751df702faec475";"ckan";"2020-04-23T08:16:08.178000";"accepted"
"5ea0096f12a5a097cc9eee51";"URSSAF - Moissonneur";"https://open.urssaf.fr/";"Unions de Recouvrement des cotisations de Sécurité Sociale et d'Allocations Familiales";"5e9d6eaf7137453528ac7e9b";"ods";"2020-04-22T11:07:59.588000";"accepted"
"5e96b5ff3993a18939709f0b";"Moissonneur IDéO BFC pour DREAL BFC";"https://trouver.ternum-bfc.fr/dataset";"DREAL Bourgogne-Franche-Comté";"5835d0a088ee3842afc65bb3";"ckan";"2020-04-15T09:21:35.638000";"accepted"
"5e88f8aa22cbb802d37d3597";"test";"https://www.narval.fr.eu.org/dcat/";"";"";"dcat";"2020-04-04T23:14:18.899000";"refused"
"5e874e2505a8525c9e03a6a7";"Données SMTCO";"https://www.geo2france.fr/ckan/";"Oise Mobilité - Syndicat mixte des transports collectifs de l'Oise";"5e874ace3af8a02435889f1b";"ckan";"2020-04-03T16:54:29.499000";"accepted"
"5e86027522ddf8a46d285b71";"Moissonneur portail donnees et connaissance";"https://trouver.ternum-bfc.fr/api/3/action/package_list";"IDéO BFC";"54256fe588ee380af6717348";"ckan";"2020-04-02T17:19:17.120000";"refused"
"5e78dfd041dccdc35f5b04d1";"opendata-paris";"http://7f7427f6.ngrok.io";"";"";"dcat";"2020-03-23T17:12:00.371000";"refused"
"5e64f7408b4c416615c867de";"Moissonneur Test données EPSI Montpellier ";"http://9b21e6fa.ngrok.io";"";"";"ods";"2020-03-08T14:46:40.877000";"refused"
"5e5cc567634f41456ce7cef7";"Plateforme OD TMVL - KEOLIS";"https://data.tours-metropole.fr";"Tours Métropole Val de Loire";"5cb6d4f78b4c4118e18f37d1";"ods";"2020-03-02T09:35:51.608000";"accepted"
"5e592c7f634f4166f4edd531";"Mspr maintenance";"http://51.178.47.135:9040/";"";"";"ods";"2020-02-28T16:06:39.447000";"refused"
"5e4bbfb7634f411bb7d31ce9";"Moissonneur ATD16/PIGMA";"https://www.pigma.org/indexer/service/ckan/";"Agence Technique Départementale de la Charente";"5c07bfb98b4c411cce9b2460";"ckan";"2020-02-18T11:43:03.812000";"accepted"
"5e4a7b3c634f416a9f7988d9";"MSPR";"https://mspr-maintenance-back-dot-seventh-botany-265920.appspot.com/";"";"";"dcat";"2020-02-17T12:38:36.305000";"refused"
"5e32d1aa8b4c411bf50fcae0";"Plateforme open data Département de Maine-et-Loire";"https://data.maine-et-loire.fr";"Département de Maine-et-Loire";"5e32cef58b4c411011bd3bab";"ods";"2020-01-30T13:52:57.997000";"accepted"
"5e328de48b4c412bbee9a53e";"geo2france";"https://www.geo2france.fr/ckan/";"GéoCompiégnois";"5bf29ad88b4c413977f828d7";"ckan";"2020-01-30T09:03:48.953000";"accepted"
"5e3141fd8b4c416f1e421867";"geo2france arc";"https://www.geo2france.fr/ckan/";"Communauté d'Agglomération de la Région de Compiègne et de la Basse Automne";"5e2af3758b4c41693ce44aa3";"ckan";"2020-01-29T09:27:41.554000";"accepted"
"5e2976866f444155d9bcd549";"Ville d'Echirolles @ Data.metropolegrenoble.fr";"http://data.metropolegrenoble.fr/ckan/";"Ville d'Echirolles";"5e296fbc6f44414102ba0b85";"ckan";"2020-01-23T11:33:42.653000";"accepted"
"5e29763f6f4441538133d2ec";"Ville de Saint Martin d'Hères @ Data.metropolegrenoble.fr";"http://data.metropolegrenoble.fr/ckan/";"Ville de Saint Martin d'Hères";"5e2972146f444147e0a30177";"ckan";"2020-01-23T11:32:31.796000";"accepted"
"5e2975ab6f44415362c500f0";"CCAS Grenoble @ Data.metropolegrenoble.fr";"http://data.metropolegrenoble.fr/ckan/";"Centre Communal d'Action Sociale de Genoble";"5e296e006f4441411514069f";"ckan";"2020-01-23T11:30:03.575000";"accepted"
"5e26bda7634f4171638aefbf";"Données JVMALIN plate forme Open data Centre Val de Loire";"https://data.centrevaldeloire.fr";"JVMALIN";"5e26b9ab634f41621612b93c";"ods";"2020-01-21T10:00:23.495000";"accepted"
"5e1f29576f444131af4912e7";"Données Géo2France co-financées";"https://www.geo2france.fr/ckan/";"Géo2France";"5ddc086f634f41190d4c1006";"ckan";"2020-01-15T16:01:43.890000";"accepted"
"5e1735b36f44413ed3b87a30";"Plateforme open data Tours Métropole Val de Loire";"https://data.tours-metropole.fr/";"Tours Métropole Val de Loire";"5cb6d4f78b4c4118e18f37d1";"ods";"2020-01-09T15:16:19.751000";"accepted"
"5e00cb5f6f4441103f43a9f2";"Département des Alpes-Maritimes";"https://trouver.datasud.fr/";"Conseil départemental des Alpes-Maritimes";"5e00c7456f444104766e92d6";"ckan";"2019-12-23T15:12:47.514000";"accepted"
"5df9dcd16f444158eee55da7";"Région Hauts-de-France";"https://opendata.hautsdefrance.fr/";"Région Hauts-de-France";"5df935d8634f414e69469492";"dkan";"2019-12-18T09:01:21.871000";"accepted"
"5dc570d58b4c413a840f4bad";"Plateforme open data de Quiberon";"https://sdem.opendatasoft.com";"Ville de Quiberon";"5dc56e0e8b4c412e7cd726a2";"ods";"2019-11-08T14:42:45.109000";"accepted"
"5dc02e1a634f417eda34a7cd";"Moissonneur ATD24/PIGMA";"https://www.pigma.org/fr/indexer/service/ckan/";"Agence Technique Départementale de la Dordogne";"5bf432fd8b4c414d27dc93ed";"ckan";"2019-11-04T14:56:42.229000";"accepted"
"5db05a0a6f4441358364faf1";"Plateforme open data Eurométropole de Strasbourg";"https://data.strasbourg.eu";"Eurométropole de Strasbourg";"59d2b2dc88ee3826a73899be";"ods";"2019-10-23T15:47:54.409000";"accepted"
"5da5c7ae6f44416f6531e8d7";"SMO SUD THD (Datasud)";"https://trouver.datasud.fr/";"Syndicat Mixte Ouvert Provence-Alpes-Cote d'Azur Très Haut Débit - SMO SUD THD";"59e60b8cc751df26bd5f4ceb";"ckan";"2019-10-15T15:20:46.145000";"accepted"
"5d512d238b4c416ca969b0ad";"data.bretagne.bzh";"http://breizh.opendatasoft.com";"Région Bretagne";"559a4970c751df46a9a453ba";"ods";"2019-08-12T11:10:59.245000";"accepted"
"5d47e31d6f44410d1a1eab77";"Moissonneur ALPI";"https://www.pigma.org/indexer/service/ckan/";"Agence landaise pour l'informatique";"59b2610dc751df4ea9075aea";"ckan";"2019-08-05T04:04:45.816000";"accepted"
"5d36c1b68b4c4151094808f7";"Moissonnage portail Open Data Ville de Nantes";"https://data.nantesmetropole.fr/";"Ville de Nantes";"534fffb9a3a7292c64a78159";"ods";"2019-07-23T10:13:42.073000";"accepted"
"5d2c7717634f4111f9bfcf10";"open data Herbignac";"https://data.capatlantique.fr";"Cap Atlantique";"5cb0688e8b4c410c0750754c";"ods";"2019-07-15T14:52:39.513000";"accepted"
"5d248b158b4c4113effb2278";"Plateforme open data Département du Gers";"https://data.gers.fr";"Département du Gers";"5d2485a58b4c417f5f478a9f";"ods";"2019-07-09T14:39:49.256000";"accepted"
"5d108dbf634f414553a8bed6";"INPI via data.economie.gouv.fr";"https://data.economie.gouv.fr";"Institut national de la propriété industrielle (INPI)";"542a61d888ee382b8f22e2d7";"ods";"2019-06-24T10:45:51.630000";"accepted"
"5d10b82f6f444177e105846f";"Communauté d'Agglomération Ventoux Comtat Venaissin (DataSud)";"https://trouver.datasud.fr/dataset";"Communauté d'Agglomération Ventoux Comtat Venaissin";"5c62d28e8b4c414299ae8286";"ckan";"2019-06-24T07:46:55.271000";"accepted"
"5d034985634f4169cdea472f";"Moissonneur AtmoSud - Datasud";"https://trouver.datasud.fr/dataset";"AtmoSud";"5b9fb3678b4c416ff2277bb5";"ckan";"2019-06-14T09:15:17.587000";"accepted"
"5ceba01b8b4c411ad744ac58";"Ville de Marseille - DataSud";"https://trouver.datasud.fr/dataset";"Ville de Marseille";"534fffb8a3a7292c64a7814c";"ckan";"2019-05-27T10:30:19.609000";"accepted"
"5ce662d5634f4134fa7f590d";"Digne-les-Bains - DataSud";"https://trouver.datasud.fr/dataset";"Ville de Digne-les-Bains";"534fffb8a3a7292c64a78149";"ckan";"2019-05-23T11:07:33.357000";"accepted"
"5ce5215b8b4c41647515fe0d";"Moissonneur NVA Mobilites/PIGMA";"https://www.pigma.org/fr/indexer/service/ckan/";"Nouvelle-Aquitaine Mobilités";"5c52f0cc8b4c410915918eee";"ckan";"2019-05-22T12:15:55.359000";"accepted"
"5ce3ffd4634f417b5b857401";"Région Sud - DataSud";"https://trouver.datasud.fr/dataset";"Région Provence-Alpes-Côte-d'Azur";"534fffa8a3a7292c64a780d2";"ckan";"2019-05-21T15:40:36.327000";"accepted"
"5cde61e58b4c41709ca8ed7d";"Open data CARENE";"https://data.agglo-carene.fr";"Communauté d'agglomération de la région nazairienne et de l'estuaire";"5733009988ee3843a3d1b934";"ods";"2019-05-17T09:25:25.891000";"accepted"
"5cde61be8b4c41709ca8ed7c";"Open data Trignac";"https://data.agglo-carene.fr";"Communauté d'agglomération de la région nazairienne et de l'estuaire";"5733009988ee3843a3d1b934";"ods";"2019-05-17T09:24:46.716000";"accepted"
"5cde619b8b4c41709ca8ed7a";"Open data Saint-André des Eaux";"https://data.agglo-carene.fr";"Communauté d'agglomération de la région nazairienne et de l'estuaire";"5733009988ee3843a3d1b934";"ods";"2019-05-17T09:24:11.355000";"accepted"
"5cde61588b4c41709d78af75";"Open data Pornichet";"https://data.agglo-carene.fr";"Communauté d'agglomération de la région nazairienne et de l'estuaire";"5733009988ee3843a3d1b934";"ods";"2019-05-17T09:23:04.974000";"accepted"
"5cde60f78b4c416c9e9da3fb";"Open data Saint-Nazaire";"https://data.agglo-carene.fr";"Communauté d'agglomération de la région nazairienne et de l'estuaire";"5733009988ee3843a3d1b934";"ods";"2019-05-17T09:21:27.506000";"accepted"
"5cde60b38b4c416c4bf450d0";"Open data Besné";"https://data.agglo-carene.fr/";"Communauté d'agglomération de la région nazairienne et de l'estuaire";"5733009988ee3843a3d1b934";"ods";"2019-05-17T09:20:19.500000";"accepted"
"5cde60738b4c416c8fd02f13";"Open data Saint-Joachim";"https://data.agglo-carene.fr/";"Communauté d'agglomération de la région nazairienne et de l'estuaire";"5733009988ee3843a3d1b934";"ods";"2019-05-17T09:19:15.740000";"accepted"
"5cde5ffa8b4c4168948759c4";"Open data Saint Malo de Guersac";"https://data.agglo-carene.fr/";"Communauté d'agglomération de la région nazairienne et de l'estuaire";"5733009988ee3843a3d1b934";"ods";"2019-05-17T09:17:14.950000";"accepted"
"5cde5efe8b4c4168948759c3";"Open data Montoir de Bretagne";"https://data.agglo-carene.fr/";"Communauté d'agglomération de la région nazairienne et de l'estuaire";"5733009988ee3843a3d1b934";"ods";"2019-05-17T09:13:02.832000";"accepted"
"5cde5c868b4c416082a3c9ab";"Open data La Chapelle des Marais";"https://data.agglo-carene.fr/";"Communauté d'agglomération de la région nazairienne et de l'estuaire";"5733009988ee3843a3d1b934";"ods";"2019-05-17T09:02:30.047000";"accepted"
"5cdb02308b4c416d30ac456e";"Open data Donges";"https://data.agglo-carene.fr/";"Communauté d'agglomération de la région nazairienne et de l'estuaire";"5733009988ee3843a3d1b934";"ods";"2019-05-14T20:00:16.729000";"accepted"
"5cd454758b4c4139d85b64f2";"Moissonnage du portail data.economie.gouv.fr";"https://data.economie.gouv.fr";"Ministère de l'Économie, des Finances et de la Souveraineté industrielle et numérique";"534fff8ea3a7292c64a77f02";"ods";"2019-05-09T18:25:25.523000";"accepted"
"5ccbf38f634f41771ae43867";"Portail OpenData de la Ville de Boulogne-Billancourt";"https://boulognebillancourt-seineouest.opendatasoft.com";"Ville de Boulogne-Billancourt";"54d8f2a4c751df1df7467389";"ods";"2019-05-03T09:53:51.620000";"accepted"
"5cc0b0238b4c4107542ab3b7";"Plateforme Opendata de la commune de Brocas les Forges";"https://numerique.brocaslesforges.fr";"Commune de Brocas";"534fff65a3a7292c64a77d76";"ods";"2019-04-24T20:51:15.629000";"accepted"
"5cb0a51e8b4c41722b98f4d8";"open data Batz-sur-Mer";"https://data.capatlantique.fr";"Cap Atlantique";"5cb0688e8b4c410c0750754c";"ods";"2019-04-12T16:47:58.381000";"accepted"
"5cb0a4f58b4c416e60874931";"open data Saint Molf";"https://data.capatlantique.fr";"Cap Atlantique";"5cb0688e8b4c410c0750754c";"ods";"2019-04-12T16:47:17.448000";"accepted"
"5cb0a4d28b4c4171e3d366dc";"open data Le Pouliguen";"https://data.capatlantique.fr";"Cap Atlantique";"5cb0688e8b4c410c0750754c";"ods";"2019-04-12T16:46:42.078000";"accepted"
"5cb0a4ac8b4c4171e3d366db";"open data Le Croisic";"https://data.capatlantique.fr";"Cap Atlantique";"5cb0688e8b4c410c0750754c";"ods";"2019-04-12T16:46:04.029000";"accepted"
"5cb0a48c8b4c4171e3d366da";"open data Lila Presqu'ile";"https://data.capatlantique.fr";"Cap Atlantique";"5cb0688e8b4c410c0750754c";"ods";"2019-04-12T16:45:32.317000";"accepted"
"5cb0a45c8b4c416e60874930";"open data La Baule-Escoublac";"https://data.capatlantique.fr";"Cap Atlantique";"5cb0688e8b4c410c0750754c";"ods";"2019-04-12T16:44:44.871000";"accepted"
"5cb0a4158b4c416e471badae";"open data Guérande";"https://data.capatlantique.fr";"Cap Atlantique";"5cb0688e8b4c410c0750754c";"ods";"2019-04-12T16:43:33.321000";"accepted"
"5cb0a3da8b4c416dbb489328";"open data Férel";"https://data.capatlantique.fr";"Cap Atlantique";"5cb0688e8b4c410c0750754c";"ods";"2019-04-12T16:42:34.922000";"accepted"
"5cb0a3568b4c416a1cc6bf7e";"open data Camoël";"https://data.capatlantique.fr";"Cap Atlantique";"5cb0688e8b4c410c0750754c";"ods";"2019-04-12T16:40:22.343000";"accepted"
"5cb080ec8b4c415fdf8b6c2c";"open data Cap Atlantique";"https://data.capatlantique.fr";"Cap Atlantique";"5cb0688e8b4c410c0750754c";"ods";"2019-04-12T14:13:32.385000";"accepted"
"5ca714f6634f41323839611b";"Plateforme Open Data Anglet";"https://anglet-opendatapaysbasque.opendatasoft.com";"Commune d'Anglet";"5b17dbeb88ee3869a59ebdca";"ods";"2019-04-05T10:42:30.262000";"accepted"
"5ca5cfa8634f414830f5b4ff";"Portail spécifique OpenData de GPSO sur solution OpenDataSoft";"https://data.seineouest.fr/";"Grand Paris Seine Ouest";"543e77eb88ee380c0d999949";"ods";"2019-04-04T11:34:32.423000";"accepted"
"5ca373cb634f414207be59d3";"Research-Labs-the-Alpine-Area";"http://ckan.researchalps.eu/";"Re-search Alps Project";"5c642c7c634f417caecd5290";"ckan";"2019-04-02T16:38:03.705000";"accepted"
"5c5d52c28b4c41709ba1d8c9";"Portail Open Data du Département du Doubs";"https://opendata.doubs.fr";"Département du Doubs";"5bd2e3918b4c413473d1b144";"ods";"2019-02-08T10:58:26.034000";"accepted"
"5c59ae368b4c4141ac548ce8";"Ville de Lorient OpenDataSoft";"https://sdem.opendatasoft.com";"Ville de Lorient";"59e05c6588ee386ef4f4f86d";"ods";"2019-02-05T16:39:34.970000";"accepted"
"5c49ce0e8b4c417f8b56e6be";"CCPRO sur DataSud";"https://trouver.datasud.fr/";"Communauté de Communes du Pays d'Orange en Provence";"5c49cbf88b4c417bb816ac00";"ckan";"2019-01-24T15:39:10.434000";"accepted"
"5c3f6071634f416215b2cafa";"Plateforme Open Data Région Centre-Val de Loire";"https://data.centrevaldeloire.fr/";"Région Centre-Val de Loire";"561a7f00c751df4e6dcdbb48";"ods";"2019-01-16T17:48:49.732000";"accepted"
"5c3f57b6634f414d711dce41";"Open Data du Département des Hautes-Pyrénées";"https://opendata.ha-py.fr";"Département des Hautes-Pyrénées";"5c3f1ca2634f411d2aef4ddb";"ods";"2019-01-16T17:11:34.683000";"accepted"
"5c34d453634f414d1f4048e5";"Plateforme Open Data Orléans Métropole";"https://data.orleans-metropole.fr/";"Orléans Métropole";"57ed2fe9c751df236179df72";"ods";"2019-01-08T17:48:19.704000";"accepted"
"5c2f5fcd8b4c410ccda28b33";"Plateforme open data Morbihan énergies";"https://sdem.opendatasoft.com";"Morbihan énergies";"551d4b6cc751df4f1a0cd89f";"ods";"2019-01-04T14:29:49.155000";"accepted"
"5c2f15aa8b4c416420dcd62a";"Portail Open Data Conflans";"https://data.ville-conflans.fr";"Mairie de Conflans-Sainte-Honorine";"57ed2568c751df0fdf79df72";"ods";"2019-01-04T09:13:30.752000";"accepted"
"5c1bb8a18b4c41094dad479e";"Châteauroux Métropole";"https://data.chateauroux-metropole.fr";"CHATEAUROUX METROPOLE";"5bf67a998b4c417eae692920";"ods";"2018-12-20T16:43:29.203000";"accepted"
"5c0e4d908b4c41222bda7d72";"Contributeurs Garges";"http://garges-data.data4citizen.com";"Ville de Garges-lès-Gonesse";"5b7e88e18b4c4120301c7087";"ckan";"2018-12-10T12:27:12.973000";"accepted"
"5c05102f8b4c413fbdd08846";"Plateforme Opendata SIG de la Ville de Saint-Denis";"http://opendata-sig.saintdenis.re/data.json";"Mairie de Saint-Denis (La Réunion)";"5c050cfb8b4c413be36cb1c3";"dcat";"2018-12-03T12:14:55.261000";"accepted"
"5c0191d0634f415526d14d37";"Grenoble-Alpes Métropole  @ Data.metropolegrenoble.fr";"http://data.metropolegrenoble.fr/ckan/";"Grenoble-Alpes Métropole";"5732ff7788ee382b08d1b934";"ckan";"2018-11-30T20:38:56.616000";"accepted"
"5c01918d634f41537a902eaa";"Ville de Grenoble @ Data.metropolegrenoble.fr";"http://data.metropolegrenoble.fr/ckan/";"Ville de Grenoble";"5733038988ee38472ed1b934";"ckan";"2018-11-30T20:37:49.421000";"accepted"
"5c019110634f41551628b573";"SMMAG @ Data.metropolegrenoble.fr";"http://data.metropolegrenoble.fr/ckan/";"Syndicat Mixte des Mobilités de l'Aire Grenobloise";"575fc7f0c751df0e1dac31a0";"ckan";"2018-11-30T20:35:44.296000";"accepted"
"5c018fe2634f415173a39afc";"Saint-Egrève @ Data.metropolegrenoble.fr";"http://data.metropolegrenoble.fr/ckan/";"Ville de Saint-Egrève";"5c002da8634f4111d7393309";"ckan";"2018-11-30T20:30:42.264000";"accepted"
"5bf55ac2634f41661d4fab2c";"Opendata Finistère";"https://opendata.finistere.fr/";"Conseil départemental du Finistère";"5a86b30588ee38553adbaa6e";"ods";"2018-11-21T14:16:50.940000";"accepted"
"5bec29c58b4c412dae6b4f80";"Ville d'Agen";"https://data.agen.fr";"ville d'Agen";"5bec29278b4c412a07c7ee5f";"ods";"2018-11-14T14:57:25.593000";"accepted"
"5beaa25e634f415811e12959";"Portail open data Ville de Roubaix";"https://opendata.roubaix.fr/";"Ville de Roubaix";"5be53f55634f4119ca26ec72";"ods";"2018-11-13T11:07:26.425000";"accepted"
"5be94b6f634f4161a2666d9d";"Site Open Data Lig'Air";"https://data-ligair.opendata.arcgis.com/data.json";"Lig'Air";"5be949a9634f415deb46af0e";"dcat";"2018-11-12T10:44:15.407000";"accepted"
"5be165548b4c4111140fb8ee";"Site OpenData Mullhouse Alsace Agglomération";"https://data.mulhouse-alsace.fr/";"Mulhouse Alsace Agglomération";"5be06c41634f4158c956b300";"ods";"2018-11-06T10:56:36.618000";"accepted"
"5be000af8b4c4145d6e22952";"Département de l'Ardèche";"https://dkan.inforoutes.fr/catalog.xml";"Syndicat Mixte des Inforoutes";"5bb231428b4c410b7197eb8f";"dcat";"2018-11-05T09:34:54.942000";"refused"
"5bd2c773634f4157086e1486";"Site Open Data CAPV";"http://portail-agglo-plainevallee.opendata.arcgis.com/data.json";"Communauté d'Agglomération Plaine Vallée";"56dfe50288ee384349cfd996";"dcat";"2018-10-26T09:51:15.394000";"accepted"
"5bcdd5db8b4c417dc9ef04ce";"Open Data Région Occitanie/Pyrénées Méditerranée";"http://data.laregion.fr";"Région Occitanie / Pyrénées Méditerranée";"5a153f5688ee3829e2fbf39f";"ods";"2018-10-22T15:51:23.128000";"accepted"
"5badf2af8b4c412fd5d80e0c";"Chalons-agglo";"http://opendata.chalons-agglo.fr/data.json";"Agglomération de Chalons en Champagne";"5badf1f68b4c412c38533e4e";"dcat";"2018-09-28T11:21:51.936000";"accepted"
"5badf1718b4c412c38533e4d";"Site Opendata de la collectivité";"http://design2-agglo-chalons.opendata.arcgis.com/data.json";"Chalons en champagne";"5badf0508b4c412b0839e0f4";"dcat";"2018-09-28T11:16:33.178000";"accepted"
"5ba251d1634f41746d33045b";"Moissonneur plateforme open data Grand Chambéry";"https://donnees.grandchambery.fr";"Grand Chambéry";"5ba24dc9634f41611dc498cc";"ods";"2018-09-19T15:40:33.685000";"accepted"
"5b8f850c634f412d528af6b4";"OPEN DATA AGGLO DU SAINT-QUENTINOIS";"https://mon-saint-quentin.hub.arcgis.com/data.json";"Communauté d'Agglomération du Saint-Quentinois";"5b8e77c08b4c4145000a595e";"dcat";"2018-09-05T09:26:04.710000";"accepted"
"5b5ad7b0c751df13d73d26c9";"data.loire-atlantique.fr";"https://data.loire-atlantique.fr";"Département de Loire-Atlantique";"534fff6fa3a7292c64a77dc1";"ods";"2018-07-27T10:28:32.819000";"accepted"
"5b4d9238c751df2a76fd0070";"Moissonnage portail Open Data Nantes Métropole";"https://data.nantesmetropole.fr/";"Nantes Métropole";"534fff98a3a7292c64a78012";"ods";"2018-07-17T08:52:40.973000";"accepted"
"5b45c89c88ee381dc9c83574";"Moissonneur Data.paysdelaloire.fr";"https://paysdelaloire.opendatasoft.com/";"Région des Pays de la Loire";"534fffa7a3a7292c64a780c5";"ods";"2018-07-11T11:06:36.934000";"accepted"
"5b169f1b88ee387ff50fb04d";"Catalogue de données de la plateforme opendata.larochelle.fr";"https://d4c.agglo-larochelle.fr/";"La Rochelle";"5821930b88ee386862c65bb3";"ckan";"2018-06-05T16:32:59.011000";"accepted"
"5b130bb0c751df05bac4e2b0";"Agence Ore ODS";"https://opendata.agenceore.fr/";"Agence ORE";"5b1138d9c751df2618dc4662";"ods";"2018-06-02T23:27:12.238000";"accepted"
"5ace05f2c751df4a1513baf8";"Communauté d'Agglomération Royan Atlantique";"https://data.agglo-royan.fr/";"Communauté d'Agglomération Royan Atlantique";"56ab6daa88ee3859ece82d6e";"ckan";"2018-04-11T14:56:18.874000";"accepted"
"5aac0e42c751df2e9c0287f8";"Comunauté d'Agglomération Royan Atlantique";"https://data.agglo-royan.fr/";"Communauté d'Agglomération Royan Atlantique";"56ab6daa88ee3859ece82d6e";"ckan";"2018-03-16T19:34:42.621000";"accepted"
"5a9804ff88ee38702d82ea8d";"Data Angers";"https://data.angers.fr/";"Angers Loire Métropole";"538346d6a3a72906c7ec5c36";"ods";"2018-03-01T14:49:51.240000";"accepted"
"5a71ef40c751df47c37a2460";"Open data Eure-et-Loir - CD28";"https://data.eurelien.fr/";"Conseil départemental d'Eure-et-Loir";"58b3e7e588ee3814c598d150";"ods";"2018-01-31T17:30:56.693000";"accepted"
"5a0f06c8c751df4d2d7c7a40";"Plateforme Open Data Réseaux Energies";"https://odre.opendatasoft.com";"Open Data Réseaux Énergies";"5a0f0384c751df5f68d855b9";"ods";"2017-11-17T16:56:56.006000";"accepted"
"59f84c7588ee38153106b46c";"Portail Open Data de Coeur Côte Fleurie";"http://data.coeurcotefleurie.org/dataset";"Communauté de Communes Coeur Côte Fleurie";"59f846d588ee380840aa2865";"ckan";"2017-10-31T11:12:05.102000";"accepted"
"59e8baf588ee38187408f8f5";"bpce.opendatasoft.com";"https://bpce.opendatasoft.com/";"Groupe BPCE";"59e4ade488ee38366b2f58ab";"ods";"2017-10-19T16:47:17.430000";"accepted"
"59aea691c751df40c6e8212c";"Nice Côte d'Azur";"http://opendata.nicecotedazur.org/data/";"Métropole Nice Côte d'Azur";"59aea226c751df38f3f6834b";"ckan";"2017-09-05T15:28:49.986000";"accepted"
"595c266188ee382c7517add5";"Issy-les-Moulineaux";"https://data.issy.com/";"Ville d'Issy-les-Moulineaux";"534fffb7a3a7292c64a78145";"ods";"2017-07-05T01:36:01.560000";"accepted"
"595b8e0988ee385df155b35b";"Moissonneur AFD";"https://opendata.afd.fr/";"Agence Française de Développement (AFD)";"5492ee28c751df24df04805b";"ods";"2017-07-04T14:46:01.470000";"accepted"
"593e892e88ee383a004bbf90";"catalogue-departement-de-la-gironde";"https://www.datalocale.fr";"Ressourcerie datalocale";"5420b971a3a7297b491991e1";"ckan";"2017-06-12T14:29:34.873000";"accepted"
"58ebf519c751df10f8b26706";"data.grandpoitiers.fr";"https://data.grandpoitiers.fr";"Grand Poitiers Open Data";"54da1f52c751df59f7467389";"ods";"2017-04-10T23:11:53.375000";"accepted"
"58c6626c88ee38414af5c7a4";"VersaillesGrandParc";"http://www-cavgp.opendata.arcgis.com/data.json";"Communauté d'Agglomeration Versailles Grand Parc";"58c5a537c751df2fb0fde3c9";"dcat";"2017-03-13T10:12:12.421000";"accepted"
"58b68fdcc751df10ea84f9cc";"Métropole Européenne de Lille (MEL)";"https://opendata.lillemetropole.fr/";"Métropole Européenne de Lille ";"58b69c62c751df4b175dd7a4";"ods";"2017-03-01T10:09:48.902000";"accepted"
"5898eb3ec751df390fae0a65";"data.iledefrance";"https://data.iledefrance.fr/";"Région Île-de-France";"534fffa8a3a7292c64a780c8";"ods";"2017-02-06T22:31:42.402000";"accepted"
"5890bf69c751df4121ae0a65";"data.culture.gouv.fr";"https://data.culture.gouv.fr/";"Ministère de la Culture";"534fff91a3a7292c64a77f73";"ods";"2017-01-31T17:46:33.401000";"accepted"
"5887a0b288ee384d149b81a4";"GRDF";"https://opendata.grdf.fr/";"GRDF";"571e4595c751df54b2fcca0d";"ods";"2017-01-24T19:45:06.604000";"accepted"
"58864fc5c751df491dae0a67";"data.education.gouv.fr";"https://data.education.gouv.fr";"Ministère de l'Éducation Nationale et de la Jeunesse";"534fff8fa3a7292c64a77f22";"ods";"2017-01-23T19:47:33.528000";"accepted"
"5878ee1588ee385bffa6f719";"NosDonnees.fr RC";"http://www.nosdonnees.fr/";"NosDonnées.fr";"534fff99a3a7292c64a78016";"ckan";"2017-01-13T16:11:17.061000";"accepted"
"586961d688ee3816ad3f4e5d";"Enseignement supérieur";"https://data.enseignementsup-recherche.gouv.fr/";"Ministère de l'Enseignement supérieur et de la Recherche";"534fff90a3a7292c64a77f45";"ods";"2017-01-01T21:08:54.662000";"accepted"
"582a07c288ee387b42c65bb3";"Conseil Départemental de la Haute-Garonne";"http://data.haute-garonne.fr";"Conseil départemental de la Haute-Garonne - Haute-Garonne Open Data";"582a045088ee3875cec65bb4";"ods";"2016-11-14T19:51:46.362000";"accepted"
"580736ec88ee3816625ff490";"Rennes Metropole en accès libre";"https://data.rennesmetropole.fr";"Rennes Métropole en accès libre";"580735be88ee3814295ff490";"ods";"2016-10-19T11:03:40.644000";"accepted"
"576b13d988ee386d03ab6513";"Navitia";"https://navitia.opendatasoft.com/";"Navitia";"576af9f088ee382315ab6512";"ods";"2016-06-23T00:40:25.664000";"accepted"
"5731a6d688ee38379cd1b934";"Conseil Départemental des Hauts-de-Seine 3";"https://opendata.hauts-de-seine.fr/";"Hauts-de-Seine le Département";"544e1b0888ee38289ae1ed05";"ods";"2016-05-10T11:16:06.466000";"accepted"
"57270aabc751df7a52fcca0d";"Saemes OpenData";"https://opendata.saemes.fr";"Saemes ";"56f54580c751df65ebc485cb";"ods";"2016-05-02T10:07:07.145000";"accepted"
"56bbbec4c751df6a689f9dea";"Ozwillo";"https://opendata.ozwillo.com/";"Ozwillo";"56c4765fc751df27326c6ddf";"ckan";"2016-02-10T23:50:44.866000";"accepted"
"569fec99c751df2484ade713";"Open data STIF 2";"http://opendata.stif.info/";"Île-de-France Mobilités";"568e5e9488ee38033aaf0bf4";"ods";"2016-01-20T21:22:49.143000";"accepted"
"564c3680c751df607daad370";"Data Toulouse Métropole 3";"https://data.toulouse-metropole.fr/";"Toulouse métropole";"534fffb3a3a7292c64a78129";"ods";"2015-11-18T09:27:44.830000";"accepted"
"563dd01f88ee386a21e72046";"SNCF";"https://ressources.data.sncf.com";"SNCF";"534fffb0a3a7292c64a78115";"ods";"2015-11-07T11:19:11.983000";"accepted"
"563d999b88ee3806af531575";"RATP";"http://data.ratp.fr";"Régie autonome des transports parisiens (RATP)";"534fffa6a3a7292c64a780b7";"ods";"2015-11-07T07:26:35.717000";"accepted"
"5631ef2988ee3837ce531585";"Paris opendata.paris.fr";"https://opendata.paris.fr";"Mairie de Paris";"534fff89a3a7292c64a77eb7";"ods";"2015-10-29T11:04:25.418000";"accepted"
"5631e57dc751df24cedcc3f2";"Star Rennes";"https://data.explore.star.fr";"STAR";"5631e535c751df24cedcc3f1";"ods";"2015-10-29T10:23:09.869000";"accepted"
"5631e55888ee384afb531575";"Données événementielles Infolocale";"http://datainfolocale.opendatasoft.com/";"Infolocale";"534fff7ea3a7292c64a77e36";"ods";"2015-10-29T10:22:32.674000";"accepted"
"5624ae7d88ee383db537dfca";"DataInfoGreffe";"https://datainfogreffe.fr/";"Infogreffe ";"5620c13fc751df08e3cdbb48";"ods";"2015-10-19T10:49:01.697000";"accepted"
"560d93b3c751df40ee756895";"Plateforme Open Data Enedis";"https://enedis.opendatasoft.com/";"Enedis";"560d929ac751df40ef756894";"ods";"2015-10-01T22:12:35.708000";"accepted"
"560d9133c751df40ee756894";"Data.caf.fr";"http://data.caf.fr/";"Caisse Nationale des Allocations familiales ";"5595066cc751df4582a453ba";"ckan";"2015-10-01T22:01:55.860000";"accepted"
"546d6a05a3a72901a6c8344c";"Ministère de l'Agriculture";"https://fichiers-publics.agriculture.gouv.fr/etalab/ETALAB/Meta_Donnees/";"Ministère de l'Agriculture et de l'Alimentation";"534fff8ca3a7292c64a77edf";"maaf";"2014-11-20T05:11:49.947000";"accepted"
